"","model","AICc"
"1","weather",623.045578752198
"2","global",628.369624886919
"3","condition",645.164130446171
"4","null",645.326998253452
"5","traffic",645.552319238035
"6","carcass",646.607418372402
