"","term","estimate","std.error","statistic","p.value","conf.low","conf.high"
"1","Precipitation",0.578449818070471,0.203679380501218,2.84000185314297,0.00451132717561705,0.179245567894654,0.977654068246288
"2","Temperature",0.352743609737762,0.0934211011750922,3.77584512814339,0.000159466054243314,0.169641616038509,0.535845603437016
"3","Precipitation:Temperature",-0.0221169289171344,0.0101236977029997,-2.18466903753763,0.0289131219712262,-0.0419590118053848,-0.00227484602888404
